weight,height,gender,BMI
74.48889704151111,1.453528067568842,female,35.25694668612631
83.23062945633602,1.9598591784580575,female,21.668729333669948
58.404847212649685,1.4803923205122866,female,26.649879218312662
78.15622647206627,1.3887351606235407,female,40.525158308341574
79.32958733202109,1.2020879505181754,male,65.87853811927089
30.505818004592548,1.3166077047618543,female,17.598266512294387
75.5109602551382,1.5756939994391552,female,30.413488025996614
38.48389654950436,1.4743468246940374,female,17.704339169555862
101.36793814909961,1.583285538565377,female,40.43729747196247
55.50409954014475,1.703020132062675,female,19.137512943670117
76.11779434607327,1.91456919623458,male,24.918695717008546
93.2788431602371,1.272688911301072,female,57.588879811916236
49.01809220556011,1.311774862902659,female,28.486414911163212
50.46843987287197,1.2426936063758522,female,32.680730215666024
57.21898416110254,1.5592143101992957,female,23.535775849631612
103.9485846304259,2.0694133039713427,female,24.273036378142425
44.277693979334025,1.5373485879815187,female,18.73442153038708
66.21676835467936,1.7619733893200749,male,25.594729115393346
68.5217466488341,1.8318790476551718,female,20.419017155446568
66.79009252834474,1.7798997531637615,female,21.08244419660907
67.82413045043234,2.1050199497957482,female,15.306355726798678
56.06031971589637,1.4554365481936646,female,26.464824432348543
49.88378384208549,1.2758975963080592,female,30.64275085752398
62.149099016034974,1.9133499653737192,female,16.97641609355712
27.244138013410407,1.7127475464245505,male,11.144680170079152
105.21861785216336,1.9187772656393736,female,28.57876546238617
54.51613545246101,1.776956963517604,female,17.265185251552907
59.39532132480596,1.646521687239765,female,21.908736161278206
54.12967977743271,1.8151189248729611,female,16.429535614320812
75.83804855480219,1.4823856046231663,female,34.51157435650883
45.559892780966194,1.2694121309806965,female,28.273358813652923
38.619244694947355,1.9484636606947494,female,10.172299879284981
77.99900317280829,1.19400042027192,female,54.71168535561666
69.08710613370314,1.6855707719933566,female,24.316609347412523
51.681611374466954,1.6078852017890848,female,19.990606460829277
92.37972951106107,1.6238199668226037,female,35.03490399440605
73.9476242029242,1.5919625081004936,female,29.178203867519308
75.50120224198116,1.5482320372288851,female,31.497912137724285
52.417361807214164,1.8568920307496235,male,18.242447296496458
48.03520957617644,0.9144893416005452,female,57.438407918815884
65.66459018911692,1.2203054235392141,female,44.09548820448874
49.35871297047609,1.3896785856797043,female,25.558484368775527
66.63233819769373,1.8349605309707286,female,19.78935315612626
81.13877793130847,1.8315559662785041,female,24.1873380618891
86.25683686536377,1.178002482539403,female,62.158584597030334
67.45775829534934,0.9783276686216053,female,70.47956785056145
66.95444969090647,2.369157165479885,female,11.928661119706428
71.41917624687555,2.1567861723564983,female,15.35326180825647
70.39908514617701,1.6678140721759416,female,25.308811293992385
47.594597823953826,1.8147085564179026,female,14.45253026407327
35.455920346669004,1.2687234897790285,female,22.02697209867217
87.77521019066069,1.6153553959576123,female,33.63842897591051
61.24392032766839,1.6009333478802117,female,23.895519705797703
57.167793290918695,1.1561490705039421,male,51.322169403017675
78.54928081043498,1.8151017299096674,female,23.841867586165485
86.61055036683915,1.3047479743034203,female,50.87653620052419
91.71999560022402,1.6569693949393904,female,33.40681342032136
67.2472468368125,2.0799938624478638,female,15.543556697875319
41.86077448652537,1.4009422979574007,female,21.328816768773663
93.18696247222387,1.7887135089323503,male,34.95061546293922
50.17159987318722,1.6717324359805632,female,17.95247836666444
72.14702196700122,1.5687934857283277,female,29.31479454282834
59.104174731373014,1.2321158328037027,female,38.93274999858858
82.35820575867521,1.5006889276939916,female,36.570047132013315
128.16098042409163,1.5162905210941062,female,55.74308252428884
103.38415601009211,1.5091827921832701,female,45.39105712699468
79.87779273117032,1.8829221971954844,female,22.53000587680233
64.55549108942816,1.5175355247916191,female,28.032088543074472
81.95239703382695,2.316766649495783,female,15.268524675027397
67.88183223455627,1.8107548177794992,female,20.703046487946764
68.08461266592266,1.8521248576541618,female,19.847620625183055
99.73501220083345,1.651047530077208,female,36.58714263225491
63.00398348744194,1.603048592817459,female,24.517412531184153
93.89528896693963,2.473748195753461,female,15.343796216360515
73.8130060052297,1.2712545661553913,female,45.673873050632864
68.11759955078807,1.343136274988114,female,37.75888645184917
67.24714102187718,1.8510501425555699,female,19.62625595958287
73.63979529674931,1.738842615181647,female,24.355218048433336
73.27692032307289,1.5761954703292205,female,29.49490884837963
52.07104564758822,1.8762012054402533,female,14.792360338446215
82.09730887015935,1.6364498421120695,female,30.656567308272955
99.46002171233134,1.9766363437335774,male,30.54754006622077
89.11680606678904,1.5751456747984267,female,35.91849762937412
73.01139187949843,1.6866172995481492,female,25.66596080738764
91.23547832987724,1.364763544138714,male,58.780080071517276
55.30875733953041,1.772866357116912,female,17.597132479198756
56.14752495171008,1.649323967837168,female,20.64042695088887
51.25895878036779,1.9580692905409214,female,13.369453890498525
51.43792063896892,1.8255310940336862,female,15.434939616298283
53.27878837094843,1.2841744676504405,female,32.307717599229925
70.6039048845008,1.4890961701611725,female,31.840745528989636
67.31277426775758,1.9065161454993031,female,18.518956656228344
61.70683361990752,1.435864527689826,female,29.929973250078504
82.45891794763797,1.8378015221585913,male,29.296899671608937
65.77048903943583,1.563739484837219,female,26.89690235755075
91.11958046765295,1.6967601589111994,female,31.6497872697859
101.80738687611432,1.8123135883556207,female,30.996495658163344
59.59600631739154,1.8806487763559065,female,16.850072197287243
107.83028418944042,1.7605314723945318,female,34.78989863688037
65.65596522448033,1.4016096457986453,female,33.42104576702369
68.27004542227257,1.4582232632098808,female,32.10570028969988
85.58199232464882,1.6597580957552616,female,31.06653386790374
37.73096098903955,1.84373653298927,female,11.099416395271183
45.1937615682101,1.994031509693026,female,11.366178091831223
67.37664262645897,1.7256165444312201,female,22.62667685356493
68.34652089380883,1.8231160795889918,female,20.563061252990344
35.04762950701787,1.5174631654807025,female,15.220269183462397
81.2107776271497,1.9830918171941263,female,20.650378870859004
59.508884391274506,1.9527047327540958,female,15.606612630125976
75.73659084774997,1.7658004854286684,male,29.147662655009054
59.55284474573243,1.2604357221970695,female,37.48530990891439
95.01426159298677,1.7250527469138894,female,31.928906089411704
53.425686459995575,1.7592952929428067,male,20.71351845748058
52.345522029140625,2.007145152243901,female,12.993375026215361
31.273151794255455,1.662693031288219,female,11.312211066224418
69.68627318886304,1.493548218023655,female,31.239835842159522
85.25428753437212,1.0206825807419002,female,81.83419663139875
100.13880817516791,1.823120717234836,female,30.12808762211776
69.4100616052777,1.6419548329311973,female,25.74542213921951
79.74143649305498,1.6237145770156516,female,30.24577211919326
53.031201289854195,1.6741666823670507,female,18.920563889843876
83.67652047288937,1.9286981914714802,female,22.4944337974416
84.03139059684325,1.8854959160721516,male,28.364269586138235
74.8639880064602,1.3592921040421018,female,40.51794121234733
49.17969207090273,1.7164390492771746,female,16.692793951291556
47.35932947465827,1.8314128330407788,female,14.119946097918229
85.95192506897078,1.6238855621214543,female,32.594533294475724
34.23057500734549,1.5032387597605874,female,15.148103513779272
100.43376307452881,1.3700190608300737,female,53.508960765100284
38.48882938736,1.6449734194823218,female,14.223842444528366
84.08022077635661,2.1663862398938396,female,17.915216725625857
28.92433110220005,1.807312186849234,male,10.626205640663356
76.18039209775999,1.5067565954640179,female,33.55498131384409
93.13562792013545,1.863208416800926,female,26.828288760221533
89.1569791368287,1.4226799458704076,female,44.04949416295942
106.45360038158707,1.473660977261303,female,49.019083532467214
106.95857060618435,1.7918748753801355,female,33.31196336477137
62.9661491146035,1.704581622861188,female,21.670629620593743
39.32613422887522,1.678338975181321,female,13.961172626192068
64.71195457066744,1.0453281757527353,male,71.06576747056435
38.74536683031765,1.4653826040716245,female,18.043372446260253
77.57905543536387,1.9803051294659981,female,19.782458473119455
46.404019561276215,1.0928818574512038,female,38.851623216629335
56.275973634223206,1.1318352053032719,female,43.92953646889746
47.87741594461086,1.412389381428119,female,24.00058430145244
64.10751752717768,1.5811587458507246,male,30.77083323938091
69.48717452636272,1.6386188830152413,female,25.87907459067913
75.6116850725815,1.6283915222293062,female,28.51486051101728
101.11048440883164,1.4014458957920861,female,51.480590402780926
74.34990037330134,1.5539124249336649,male,36.94949936208094
73.24663833462594,1.7039460734977525,female,25.227604004339298
75.96417297580894,1.718234375124676,female,25.730250087533243
108.04218092877461,1.5336024764390392,female,45.9375405620935
106.75593783574142,1.946540662909101,female,28.17507489350714
66.0678900826621,2.2127244598684905,female,13.493846461658336
76.1388568922913,1.9994535359603116,male,22.854144329528346
67.17730826419927,1.8718536849118612,female,19.17250239166394
74.54190848509074,1.540141340561591,female,31.425294112688146
72.64873037682032,1.4612908270686051,female,34.02159831525283
90.5676346637057,1.5212729639575546,female,39.134404657853416
72.28347815840647,1.6048620781125682,female,28.064907281621217
111.91405624580868,2.1994441165103824,female,23.134428368371193
93.63224610845232,1.8412831046416078,female,27.61749635314908
67.58923838963725,1.388074810588931,female,35.07937172108833
56.41187205800847,1.8066539409342581,female,17.28305717962057
82.61866237509716,1.7891567466388802,female,25.80960621567423
122.36859312861327,1.7919416282822598,female,38.108534665995094
60.647096939642864,1.5887104951969262,female,24.028158482271934
82.29157354805473,1.9022608361551916,female,22.74129717190142
103.18029122755125,2.0115265348513045,female,25.500295760352582
86.54694336658281,1.6393855980898664,male,38.6429923741386
71.43800605847329,1.5637017702736198,male,35.059257535904464
69.77650911607094,1.5559231812339982,female,28.822585461229707
61.87236617323261,1.4205201829911769,female,30.662100848488592
37.954285365985726,1.5618284311924857,female,15.559447438226472
72.71552589968252,0.9026315134517425,female,89.24957682349874
59.39690460826325,1.4959879930945494,female,26.54040813810315
75.72166108576118,1.716706803387456,female,25.693772583604176
76.08463082182216,1.8155948094592145,female,23.081236591703966
40.0702455095727,1.5235505497534525,female,17.262681863013974
58.63142201012792,1.3393371350906966,female,32.68515934155075
83.14236704371054,2.018048845313944,female,20.415453755358644
84.68409143778746,1.5759528460438714,female,34.09693916244475
44.35819033273965,1.7153287436277864,female,15.075755653665091
79.39117211531814,1.0216258105110625,female,76.06563600591969
80.06651205768392,2.035317915852391,female,19.32797693827892
47.91739631289316,1.5934178361201616,female,18.87269248084828
71.21587075946296,1.409219801195544,female,35.86074560195498
62.93225911882284,1.0173309154085244,female,60.80633634635498
49.01488367781165,1.5102386882083008,female,21.490018693489294
55.99501565411835,2.069919134213944,female,13.069007647306282
84.0583183763479,1.5813504030502612,female,33.61433084831293
62.298563234252605,1.4616695843320366,female,29.159468994933054
39.060391626644936,2.1089005692184384,male,10.539151105346404
84.87898424662382,1.4163397900669392,female,42.31216633277456
72.30958867233157,1.7690865822439448,female,23.104560619809114
42.031654227753684,1.6961030931249086,female,14.610732528934033
37.92866849906037,1.8749778564016328,female,10.788853869211344
63.72897575759161,2.047808183916768,female,15.197018425886975
58.69470462654931,2.0806988341359447,female,13.557526867872259
62.49216263286174,0.8775953145342977,female,81.14036603998811
76.70808596315054,1.1664665523300588,female,56.37629952416724
71.62396623463108,1.2920429125572446,female,42.9046625501749
43.904541346922414,1.775260343474175,female,13.931097802108242
73.6155662571685,1.6353945152045202,female,27.52482606819163
79.43498132625626,1.201343848417197,male,66.04780454420822
99.580701649627,1.2416720788133964,female,64.58941503524483
65.86988744744052,1.579119315425815,female,26.415390169731232
96.09782066923313,2.004238074682823,female,23.92296045254623
54.746008725297585,2.0429034427286474,female,13.117672430841562
35.00142226021042,1.9302277199363473,female,9.394390215542886
84.42288182828177,1.06946955654873,female,73.81137913539627
47.51991497292423,2.033593150816187,female,11.490727190936465
86.97447627665659,1.1196404361913666,female,69.38006026649651
50.483280892954824,2.205414568205113,female,10.37927679106172
81.89961421075336,1.540151265934647,female,34.52670242110207
82.07601181723945,1.5977665217041543,female,32.15063916071068
74.5223161329107,1.8411664659637337,female,21.983671794343962
61.86320288576906,1.206516555060731,female,42.497739538375974
42.21179138315496,1.7305099316962618,female,14.095665687935847
77.83301773075772,1.4248761490533097,female,38.33625060676731
59.890349728090705,1.5305178216008075,female,25.567017412825845
63.94534051370284,1.7789725944618047,female,20.205536618830394
84.13178711487829,1.4053607552544338,female,42.59753523949542
28.459753450280516,1.9299828815231996,female,7.640542917835191
60.18669158408703,1.9701751770306875,female,15.50567887022553
79.15764510147427,1.8180370018552923,male,28.738803022188012
78.26541436033493,1.3400824425355262,female,43.58196970508383
40.787198955120296,1.5228486746128749,female,17.58775397988127
87.58072674026734,1.8138812819856476,female,26.618944222499085
66.25648313024544,1.5727642300524989,female,26.785584848882152
111.24684398817666,1.8849891263555847,female,31.30905795628142
85.04196185682702,0.871304548859007,female,112.01941691168514
88.58148686528344,1.8709493779052508,female,25.305731267909028
82.55218514380277,1.740063169557705,female,27.26456317361143
34.50170394759263,1.3195531637302866,female,19.814666160317575
76.41093422833806,1.433695421856313,female,37.17420698026323
71.39611384880703,1.7699413754698614,female,22.79065515471681
31.58524082221338,1.2197569690344672,female,21.22939297501215
52.98207583192202,1.6391471629111403,female,19.719371876786045
60.787331711152916,1.7986875945144736,female,18.788910666330835
58.08733735490826,1.8135108901455712,female,17.662050969555445
51.695426074853195,2.0512945093500394,female,12.2855918742783
58.8974104399539,1.3464802658114536,female,32.4859981331044
44.23909493945629,1.6625393958179373,female,16.00524560844761
104.92383533037997,1.6203583241145283,female,39.9624428428784
53.328246271414535,1.6024364584130257,female,20.76804743631453
54.34000163061418,1.4530266481708816,female,25.7378632257161
62.24543029118064,2.3206303256138447,female,11.558342168958477
59.184321442929594,1.4167466777055935,female,29.486434915434586
32.99030900630751,1.463418142653521,female,15.40456764662948
63.47985043835521,1.2225094144290563,male,50.96977499090769
32.02997131935454,1.6033979678750898,female,12.458733385126266
66.76183637679559,1.0679444230618764,male,70.24448225009469
57.66888782796646,1.7544449361956203,female,18.73536210702176
78.8759228489309,1.3775927962756378,female,41.562601892055426
72.97232506476064,1.9652646190835403,female,18.8936607482394
94.08569631708431,1.5002577340736762,female,41.80149890157745
55.18149833402651,1.3834890853112616,male,34.59579063550866
59.62920870949378,1.3185466762169415,female,34.29793947229284
108.71117649241067,1.5004563332343908,female,48.28669420762269
113.29623403549994,1.2260626247788005,female,75.36855119093269
75.44601752083,1.6307124505397128,female,28.371450904033203
69.16557159572407,1.5153647749517847,female,30.120043509698807
57.9225530965257,1.4866358413416116,female,26.208278694468007
51.1384097734602,1.5481159716578463,female,21.33733798072623
53.2728477818045,1.4731563541373638,female,24.5475541437532
54.00061961068829,1.8890230270386956,female,15.132972367759765
59.568829694326276,1.4490014642084805,female,28.371442624764832
61.25105259112267,1.8872962452178579,female,17.196236313923748
62.992519822155984,1.54596763812756,female,26.35652709129613
81.46016517599575,1.5089207790496024,female,35.777699168202524
54.73263658280098,0.9138644783702066,female,65.53642937092138
41.72823860300895,1.3236020338772692,female,23.8185435238716
78.03881722939455,0.8535556074067427,female,107.11419764180363
64.9040949949677,1.5013617300630002,female,28.79396124182464
76.96325056514146,1.7853041379251586,female,24.14676629533359
46.88863777150979,1.9852320215039923,female,11.897208486940752
39.40212205020738,1.1857693029762557,female,28.02329544509129
49.640923244836635,1.9898732031067998,male,15.04424124463306
78.88836334424916,0.9832039045415749,female,81.60668884925377
53.058149747600254,1.9383389749964883,female,14.121884148052656
61.94010803044534,1.0351340909032445,female,57.806774179609235
83.99612212108138,1.6793114115171712,male,35.74193033454928
53.6643149666928,1.741141901150756,female,17.701792910777062
58.626291839777885,1.4954818121677897,female,26.213810430427383
75.74993199205619,1.6046016197793826,female,29.420347270654442
90.8587426481582,1.6620756457398158,female,32.89009673375886
59.66711221206806,2.2208502902755995,male,14.51702747082238
73.36757702012625,1.8274307234827072,male,26.363531079010844
112.6255042502417,1.7535876256229943,female,36.6253517280464
46.627503421214875,1.7191482429946143,female,15.776676018069011
70.89121237592258,1.6329519893475923,female,26.58554522193141
96.29691488405666,1.3223226277439613,female,55.07284525466105
64.57971871707396,1.387064852710242,female,33.56623376446983
61.322212954672096,1.45289624846211,female,29.050165722168288
55.473721219339495,1.7466841234636594,female,18.182707574445583
76.04908117339814,0.5704947376707357,female,233.66339675037662
95.40807614242036,2.061310725755653,female,22.454232359886113
76.14010013455086,1.40119197414072,female,38.78092481012573
105.11527594760263,1.7206373439259126,female,35.50480616134668
78.68608585624924,1.5403302665777765,female,33.16425487449059
89.78464442933878,1.2424965047507155,female,58.15830164819413
108.99329865772322,1.254154254020299,male,83.15323150688492
30.797910970818073,1.371185944496172,female,16.380552785850092
45.407483779923474,1.9658439221434247,female,11.74977007542333
50.822884198893746,1.352252908455489,female,27.79351400543893
49.00987245103508,1.6504671035995662,female,17.99160165923361
109.59498723913597,2.193166430404412,female,22.78492014910721
70.49137707751636,1.973177939694747,female,18.105206895367186
90.51938104442604,1.3070145911648994,female,52.98838751662813
74.49065764170251,1.888632740134852,female,20.883667998630905
70.92254872863111,1.1571198673715504,male,63.563657622306295
22.332824845531086,1.6134894765631203,female,8.578500588226994
48.163353251631825,0.9854200134294612,female,49.59911863622558
50.48021032703153,1.573123977294887,female,20.398360116495013
31.06474699573561,1.9373180285237503,male,9.932240497693678
119.46269329378623,1.0339785343268284,female,111.7401515781813
59.714184689787615,1.8921246917640901,female,16.679306932838518
46.43429462307443,1.3654436241965355,female,24.905272897086526
78.47392286917788,1.6156070015761448,female,30.06449477699425
70.99232596135658,1.6455792356654109,female,26.2164454761443
51.12928076830237,1.4771646978001172,female,23.432134064714493
60.36170382458243,1.6378226460705085,female,22.502343322146125
92.17191762782056,1.5577518927891303,female,37.98411811740367
81.91559980845642,2.0562751923399984,female,19.3733240813698
72.30510710080462,1.5103909353592255,female,31.694961799654962
76.6302473613494,1.4819178717942554,female,34.89409637473493
73.37910195107511,1.7745021293562124,female,23.303402835739433
27.000644857886257,1.8714914070221924,female,7.709007386369294
89.05287990080568,1.6773226681328257,female,31.652989683818046
58.629276434542305,1.2140482640489374,female,39.77797127683241
74.63961805161078,1.5599470202735226,female,30.67253781896337
62.582513897571474,1.9446916455287064,male,19.85787413167894
77.14298277821489,2.0685340770605687,female,18.028976281223102
37.916716124567536,1.3297029514351577,female,21.444772910911254
87.8805425693632,1.7366204259781952,female,29.139555311179894
85.00530174237753,1.9720098093350504,female,21.858878267245135
40.421663677363924,1.6896179094409998,male,16.99097972984714
77.82298576277677,1.685552384215859,female,27.391977136656703
62.061740237308165,2.3000296381593834,female,11.731595613168261
67.39696029032152,1.8745883759288546,female,19.17911089198065
48.93388280593747,1.677844194685833,female,17.382267068880477
69.04256888539445,1.3641218862270355,female,37.10313342975375
49.01676633542845,0.5723818651654353,female,149.61423840267653
65.42602219832413,1.9132011789249161,female,17.874307993963786
72.03303719891468,1.9017965735627014,female,19.91606823434056
76.49152339267984,1.7081112166086692,female,26.216880905386745
64.62705376273486,1.4691045163797571,female,29.943941793048946
48.45369450722099,1.8596240414731113,female,14.011240654318113
59.53776665000414,1.9668779580889217,female,15.389967856140032
63.402074178841346,1.6484509983088207,female,23.33196853986
27.355960732027064,2.1258705587475504,female,6.053106803147958
110.69709260169184,1.6185860184911185,male,50.70442842130703
77.2594023814259,1.6985923951728226,female,26.777682861820544
84.18465510900161,1.3969248962354202,female,43.14066367751029
108.34449782280899,1.9412676486319598,female,28.74987937402446
47.619842266119875,1.1636084259665798,female,35.17015138656906
86.66553088560742,1.7658799715415268,male,33.350725515562054
104.72667729580076,1.4183627865619013,female,52.057423347865516
102.30670117017027,1.6023474772420385,female,39.84654579673637
62.228008220237435,2.3570838259984983,female,11.200459623593636
82.21670135333815,1.448677029912376,female,39.17571217246791
48.9010366597671,2.099028954344033,female,11.0989324237509
56.07707178592618,1.8219341099188198,female,16.89351393194622
54.230516279791125,1.6691078747096582,female,19.465919666589333
70.37028552355973,0.8292948504366311,female,102.32255499400904
74.59281983085639,1.9337692809081948,male,23.936957973387063
88.80073662823878,1.3427484868884434,female,49.25238040129916
90.52740165307952,1.0383972310886018,female,83.95624620945047
73.2647667413146,1.7899772007570256,male,27.43983013939744
100.3606034268255,1.3403306606206902,female,55.8649428917455
61.60133869957998,1.9863710306654405,male,18.734868564159445
67.16940134199504,1.7363517508011082,female,22.27901875058768
39.11152664740932,1.6409567120069906,female,14.524811968132733
64.68500250371108,1.9197384773279325,female,17.551711034476664
101.98361033087727,1.8215186488495863,female,30.737117585065313
53.07324991313992,2.1063431826454235,female,11.962375185168453
76.8223838599383,1.461477228479521,female,35.966955176403395
84.18283426819303,1.8161455898600933,female,25.52244182580582
59.405862084551046,0.9561112942733917,female,64.98489264247051
62.0506687205028,2.0501209357634926,female,14.763438013378765
52.49415321313002,1.4037091343212622,female,26.641377873645002
79.7954928424445,2.048170954234333,female,19.021552289169353
82.48362982871174,1.528309538271195,female,35.313854018951375
91.78316935632571,1.3730695846889023,female,48.683069848929584
61.45448343251644,1.842849005360047,female,18.095644985716476
59.80810747710935,1.3326276386955116,female,33.677700280568224
46.688592553021266,1.8564711892003618,female,13.546726247072243
89.03545400477032,2.0094249635222807,female,22.050548201542675
93.70129703966268,1.1396116868754498,female,72.1492488312192
69.00333770600194,1.02609246750443,male,78.64630899066327
87.90273683732421,1.9238466663024856,female,23.74988367121998
82.5657048785192,1.4601235782967699,female,38.72758936463436
89.26926629989168,1.5315507795371917,female,38.057404299576106
84.56180648285296,1.5678792507696644,female,34.39925418960077
48.53372506091105,1.7512670606630245,female,15.824823221731021
52.33082793923945,1.4689149890851172,female,24.252933777237153
90.94737258008433,2.3295627661569087,female,16.75873850479279
64.59003741103865,1.1653434328867802,female,47.561732924142994
44.93519549238917,1.2539204959575194,female,28.578973981059544
59.299548945087864,1.4467052133907534,female,28.332917495130168
109.34569883260275,1.6253191491727492,female,41.392761411944406
54.15387659566977,1.7237853951030753,female,18.224816211801514
66.90916606470448,1.6652896862231896,female,24.127150451607566
68.84771797860381,1.7799310169200464,female,21.73117491857536
88.33059363907341,1.9065460010907125,female,24.300576255197626
68.9836397798556,2.3797695933222505,female,12.180813195915805
46.68703871924623,1.814146071351227,female,14.185734356680806
78.3318516986902,1.4730548601573459,female,36.09944710549191
81.60306673047268,1.273459200630418,female,50.319510685534105
50.43520333221565,1.6799416915224563,female,17.870856174452395
55.699419272789704,2.1114949127324953,female,12.493110704686247
47.883538393978306,1.6544730545146313,female,17.49310240803704
64.56751558998093,1.7415190495510104,female,21.28911546275241
36.71039405020685,1.3499538658978176,female,20.144254165952777
69.42382640496152,1.3081566531360664,female,40.568508220383336
73.79216485767299,1.6414241044926676,female,27.38852461147524
107.75702967818296,1.3236407914456016,female,61.5042782349149
75.52753665340182,2.0388912817456535,female,18.168420908354104
69.90599097491992,1.4135662710905503,male,41.98201646838697
63.48958616738852,1.3218529850681968,female,36.335921955394376
75.75026472757584,1.6441544480131365,female,28.02198727199578
65.32955904701991,1.6575633105079872,female,23.777679909904148
97.94838169801776,1.34553124668963,female,54.101547749755625
101.5989227189911,1.5641913223263018,female,41.524972985500376
79.96495579949939,1.6983790832216037,male,33.2668501938489
63.438785564863025,1.7525565930719278,female,20.65431320999048
120.19734821594253,1.8130552751341127,female,36.56560781251015
83.82994015333344,1.0467728845347688,female,76.50577655151318
41.51816646030248,2.2116443742342287,female,8.48804309357646
48.15901513830669,1.4742785137322931,female,22.157386057461554
102.33266080039814,1.653495402661565,male,44.91480609748768
91.29695849613145,1.414078693560478,male,54.788624614778705
43.004543557642236,1.4019289256472625,female,21.88075732325153
67.11490411995518,1.5438716754732735,female,28.15766093714237
55.74246744489028,1.2079992881615185,female,38.199073738340424
80.05222920720254,1.405354163028719,female,40.532357187915316
61.56589767055928,1.3072190381393602,female,36.02827654911948
54.91021793872885,1.2648601138145419,female,34.32165108843241
122.69741206307958,1.787774176796091,female,38.38929025276285
104.20863145206008,2.104575233339519,female,23.527445811542847
26.166058361056407,1.522785477589088,female,11.283942200126544
77.0838626089492,1.840607942285932,female,22.75311622744851
73.80574275869778,1.6987549406462554,female,25.57576833926558
83.73885379648428,1.2016761421583306,female,57.989869888246815
75.54624319667981,1.188900458441741,female,53.446821582839426
71.6960065220651,1.37399947718633,female,37.97710288358626
81.34250372424867,1.3284666650333443,female,46.09100877398563
45.36215799113091,1.4043299086512053,female,23.001460679184767
39.6529113343927,1.2263906922325685,female,26.36436936077574
20.90467526612116,1.53893106029537,female,8.82683676743893
37.4048448980663,1.5056121129581075,female,16.500673010451266
41.32068763112966,1.245008237036014,female,26.65772543895497
53.00581883232201,1.268965609234719,female,32.91727254744866
89.3767739662429,1.0610509320515806,female,79.38751585088765
61.18780341097275,1.8388824423848174,female,18.09493095528047
59.9951192761711,1.7364477832171132,female,19.897222881111883
67.84025101805022,1.1959060147704914,female,47.43439282803392
79.85065013160062,1.8182654289108733,female,24.15260025556607
114.79788011678423,1.7653862628972483,female,36.83446638060717
91.00953140525108,1.4119884108967282,female,45.64830056401595
92.34421107600372,1.1038661029893033,female,75.78388765362615
32.436021886064545,1.4457773287150897,female,15.517607554935502
68.97095989641124,1.8741712295361157,female,19.63576097553908
65.44410002227616,1.8055243923553204,female,20.075380230268042
83.69563339031536,1.5249432008423145,female,35.99112852882377
96.91165381285325,2.1737722567085527,female,20.50916228599321
51.63505260574157,1.4860301098145159,female,23.382417220633304
50.14788690486597,1.8414603587928007,female,14.788628159935227
33.49310608375859,1.750008511482196,female,10.9364180522514
50.217566737483665,1.9753841131996597,male,15.443075621000597
79.58015281231096,1.8087589608674877,female,24.324469499514965
67.331403416608,1.396173750920845,female,34.541304029228044
76.18660185863189,1.4159340608275794,female,38.000782995388164
57.09489153325772,1.9127598956650282,female,15.6054514651389
81.71199575272949,1.4750555639711762,male,45.06613401054651
68.6608331144567,1.4560377279651209,female,32.3864847641428
79.43355884108664,1.3722783299811225,male,50.61751916301626
100.50039971729241,1.9647439769230912,female,26.034896583514282
70.62595261842853,1.161249990794394,female,52.37365361834964
51.3640546560423,1.254967525032228,female,32.61326836075195
61.17104495517086,1.7109612312527982,female,20.896115567223976
95.45625779777778,1.6957420014956692,female,33.19593076029269
77.77827171379731,1.4352283319751458,female,37.75863542318689
79.24980415068907,1.3313177483649234,female,44.71309722625784
77.10196452793441,1.3227760631108314,female,44.0649000286421
69.2093056797311,0.884914686451845,female,88.38156480309075
84.87274977458928,1.7182515245449843,female,28.747150138943585
97.72505157864235,1.8250362065640573,female,29.34019114063228
48.62681712879315,1.2822746519293178,female,29.574249288942095
79.88367739661285,1.4266003946193673,male,47.10148672638621
67.61866710346897,1.5146335649261025,male,35.369807670838014
55.07932579665852,1.7392041847443982,female,18.209057703868726
62.3586838136898,1.6603237861382092,female,22.620977126890757
91.06972237665417,1.905158086839459,female,25.090653653932886
85.07185945240312,2.230776328143532,female,17.095187590699172
93.8914185313898,1.741909246185005,female,30.943885945087292
81.27955078028803,1.261164316798037,female,51.102005679738916
76.95665664592204,1.2100311989430057,female,52.55972150808886
97.28093245653213,1.606673542828997,female,37.68534021617253
65.08384467471389,1.746333331505029,male,25.609444573757237
80.16788463985495,1.6995904889743165,female,27.753121694602793
85.98844652067831,1.7338469061604338,female,28.603462426096698
33.41764654200986,2.0681143495263634,female,7.813160850293806
76.59906502037423,1.1088926891580915,female,62.29374319643733
43.07753729573105,2.0441899230124503,female,10.308806336972792
64.58275402208417,1.3156429778348024,female,37.31130650698854
44.86222562141428,1.5891878094946592,female,17.763574643728965
77.11413697555673,1.7654011973677999,female,24.742704528243813
120.13999122274467,1.5814164970799287,female,48.039122512182175
43.350450420586576,0.8522974813320464,female,59.67758007301753
96.60549804821827,1.2873994969018572,female,58.28746580723387
49.23118987624018,1.225178049582674,male,39.35710666461071
59.6675488265127,1.1570337977409397,female,44.57035639543429
64.86664140030456,1.7073053621055225,female,22.25353471532318
61.10867445257456,1.455577522330449,female,28.842452260308175
66.52250251355252,1.8259201938016192,female,19.952852640272887
61.251848656348194,1.8398132721937523,female,18.095546588765878
82.30243802231456,1.4354590916515573,female,39.94211518942012
87.92455585191684,1.550986708117986,female,36.55055966341184
63.89033335203761,1.4824120094777784,male,34.88819899424529
52.2151802273437,1.4039798300708923,female,26.489578265940608
64.35668744253051,1.2166907623818761,female,43.47436633509436
70.0312686262496,1.7117971404095933,female,23.899422156121876
75.6514704838785,1.6657964033082822,female,27.26299312171311
22.622528427348662,1.7859281193275467,female,7.09272615025995
49.90543131196963,2.134307776432229,female,10.955538259645149
86.53226919633981,1.9242507407405067,female,23.369787739378342
72.95132076260583,1.4041885744822757,female,36.998344265297
56.98444011481526,1.9809778570285566,female,14.521017318009408
100.18752367818426,1.275256599344577,female,61.605357626264436
80.39300247116175,2.2289508135462683,female,16.18144415707634
69.58338924052256,1.2240149847393735,male,55.733119899149756
78.1011457773238,1.3218083786670978,female,44.70132582310025
60.77174217553442,1.610135023277485,female,23.44105172099915
59.08456419736427,1.380911167200843,female,30.984361654743896
85.77721943234505,1.3721795548388276,female,45.55647113427863
78.90063467749917,1.7455401569675961,female,25.895291719899685
52.19158261996365,1.3702257910403968,female,27.798168991648385
68.57193954807373,1.7823125358271157,female,21.58632493844776
57.0974741536311,1.7802863364189812,female,18.015120826076092
103.01346262624564,1.897996681885646,female,28.595855103092052
75.18000649578788,1.66086539449393,male,32.705043592413766
39.391714065815904,1.4789866046995155,female,18.008452624269378
81.87899910430137,1.2559708992320335,female,51.90549908904552
75.90216378483326,1.2201341125263665,female,50.98460020450142
76.24891971631924,1.7946469055000775,female,23.67421929506925
53.9188907654285,1.5742260828504215,male,26.10886469733474
81.91497700447346,1.3856288226035351,female,42.6647786236169
61.96691729518482,1.2840184577898177,female,37.58524261990009
49.637322632044004,1.0403190651745506,female,45.86434895765771
57.067196388580115,1.7969906226538723,female,17.6723748709421
69.85779596257429,1.457918933274334,female,32.86609660430861
37.779240625954266,1.3176581213457856,female,21.759441191243717
80.58582771648635,1.3139315956313955,female,46.67809879378463
55.430107920373885,1.7129353081693353,female,18.891385104791325
91.07842220268192,1.694019002273932,female,31.737955235805355
60.245993773658846,1.1717926680863815,female,43.87595879796111
50.32800222297202,1.4466853818198337,female,24.047033319219008
56.87988852452145,1.528574589120919,female,24.343637105310613
91.01211796158705,1.7962758670689822,female,28.206756579380045
34.02405108014253,1.1706757737663043,female,24.82634347451946
72.05172049957051,0.9609532065485579,female,78.02609552218324
61.98373674698327,1.5718074181525765,female,25.088753604749932
69.46896566676968,1.6277030393549607,female,26.22047070494057
68.41003729629844,1.308331654977886,female,39.96539675013518
62.4578919426209,1.9142035866949316,female,17.045552031040852
136.1805166767133,1.6396236233936454,female,50.65550434802799
88.59818404567456,1.7685498587642168,female,28.326323105404523
73.12298995214935,1.7215385924780715,female,24.672912313304455
53.03615009207192,1.709396579192761,female,18.150405410081365
36.538546585916286,1.6681674234738497,female,13.130219804615201
96.32590888041341,1.6972095609520492,female,33.44045486788528
91.94423681392036,0.8522339274645753,female,126.5921784072352
49.842898734085175,1.5835660613596527,female,19.87608845726655
113.10643987456548,1.645427324214996,male,50.13155418379407
49.6354437411634,1.579912621441006,female,19.885008076883256
50.06463286879897,1.2826476976739905,female,30.43100279190537
61.28824188102963,0.8509699695016398,female,84.63474594493715
56.03346066809124,1.9542363712611537,female,14.672133227041462
52.368019661973264,1.513188745503779,female,22.87072574014368
99.63627842755491,1.2626699190337243,female,62.4939289123585
45.83994319817734,1.3788382814493625,female,24.111121186465194
95.5892257555919,1.4967400960315644,female,42.66936283783306
67.94293560259065,1.333549427243826,female,38.20551630378891
79.76386230039817,1.524980794947822,female,34.2986815789537
41.66617266112941,1.689590378692513,male,17.51467163898008
80.35600391711864,1.9282254075302057,female,21.61238667492722
56.089214415599315,1.580822693646051,female,22.44466014018386
100.7118530568578,1.6115016304924776,female,38.781007575212584
123.99819882340242,1.5960801503821924,female,48.675002629170834
51.39668430005772,1.0935717534286236,female,42.97743920560792
75.64498770485066,1.0819944421122232,female,64.61451617890445
78.06777613852205,1.8672067333434859,female,22.391696471989512
106.18490517032556,1.9891873220299676,female,26.835606701410956
61.18220428553183,1.4664737711310243,female,28.44962330078613
95.8395571394079,1.8325826620870869,female,28.53761347431568
74.39205885111522,1.5756150015715906,female,29.965833633732124
53.33732694825436,1.3892900045137089,female,27.63410634564861
73.88492925991879,1.930401169287936,female,19.827169435534614
68.64986925454785,1.2602302082430494,female,43.22549180220429
105.55364852509072,1.9163392005486795,female,28.74276091213874
43.28242155798543,1.2301298270454928,female,28.60287265967031
89.04763023019137,1.549423345588888,female,37.09216437567439
82.87708143045711,1.2477535832674684,female,53.23249196820512
43.38597688695788,1.563890654301021,female,17.73930545197934
98.4582705091322,1.9267056203806838,female,26.522928485150224
95.8018463285288,1.5570839884212941,female,39.513891348978
48.67020601320167,1.4583456864249873,female,22.884541823883346
105.50972271475987,1.90853047991956,female,28.96638384093766
68.51745695965465,1.5502491988140619,female,28.510064806962827
60.12746616138111,2.0168410867368656,female,14.781875574632526
64.82858515395688,1.590020181613315,female,25.64255348592158
16.476934814207766,1.7073702615758477,female,5.652245256562709
61.4610480004636,1.6833423907432512,female,21.689774706667492
66.79457160776282,1.534620882202776,female,28.362137735655825
67.69763223405316,0.8051147686094708,male,125.32541139423788
84.39133133442793,1.5840988727375178,female,33.63049567836112
56.100394740509316,1.3862413469025072,female,29.193638143273585
55.29248503339411,1.2198556857328997,female,37.15773212393733
87.46116224048237,1.4655633051204786,female,40.719841522917136
77.15727611529691,2.082529286643293,female,17.790766189403456
96.89232096019406,1.880412359329347,female,27.402056983901556
74.76818361147677,1.489449810093266,female,33.702730173069526
52.186642682259475,1.953355437615874,female,13.677187688661133
58.01018331712018,1.2328681095778693,female,38.16550384148622
99.26336112835793,1.8605325929850567,female,28.675725324020863
115.38704898777858,1.5069933799923523,female,50.808266465322944
87.25448711255993,1.5860190679377704,female,34.68733713834346
60.13715613136731,1.7876125124311264,female,18.81898148100988
66.53233832357208,1.0638883426860724,female,58.78150304695578
78.15879564984044,1.5890531773943795,female,30.95287519718733
73.9379418336257,1.8147114513048994,female,22.451853394551083
55.418926656950845,1.9447038752849672,female,14.65383006647623
31.09906221494797,1.9556754403887766,female,8.131182888561947
86.12587444561389,0.9419569568021927,female,97.06698238368622
79.12053884314837,1.4710625544074956,female,36.56174832452253
74.64313990929821,1.8162284035386578,female,22.628146070229935
39.01998151146574,1.5520704390775448,male,19.437725763169457
98.00673456129923,1.8497734801832038,female,28.643021030104517
35.11904604907157,1.6813448951733194,female,12.423074545090708
72.65684423155673,1.8080485700507216,female,22.22574591260227
81.98992581410798,1.7899129178100106,female,25.59155578666963
69.32943915845738,1.2334408309290927,female,45.570211600367294
63.63991048128787,1.2048518018949326,female,43.83916737174291
60.6182712737603,1.4062356357952086,female,30.654013778264133
86.12264526717789,2.0096355909589665,female,21.324690352573985
41.27987230810249,1.6752039926139493,female,14.709670562207103
119.59834216786732,1.5736246876241773,female,48.29729846794427
72.01767760669487,1.5649809664458338,female,29.40498704646043
75.4244132970241,1.6748199737497664,female,26.88906354037237
66.1188803445692,1.6410666780134415,female,24.55121764188812
83.70123654911944,1.972387034257893,male,25.818371295511234
55.62749758533755,1.9101387175597235,female,15.24613315138523
44.078434972774104,1.411312507786179,female,22.12991701063287
46.41202701939005,1.4710947267836907,female,21.44614603478642
70.76751980493671,1.1136766850521176,female,57.05789160288848
42.226890396941926,1.595821564634896,female,16.581371210397226
82.45463151605293,1.574259210598171,female,33.27074834126496
67.10891756668298,1.5352021591384233,female,28.4740398734316
69.34797989296986,1.8089235911792465,female,21.193045437231092
20.49427589676715,1.3723521547764141,male,13.058181099295771
104.8703791969642,1.0931320399637319,female,87.76221805430286
75.31641036790005,1.4933777571063171,female,33.771492635913205
65.69586286706101,1.5873154887193253,female,26.07423125927263
68.18100582214169,1.2843855866018057,female,41.33068062690501
77.58383438547318,2.2026969170734167,female,15.990489251564428
72.41777978423396,1.8268495670778253,female,21.6989956461889
51.22118962436859,1.6963170472971365,female,17.80063961274153
59.489587930170956,1.536647470633354,female,25.193729947078964
79.64926191308675,1.5571633098381585,female,32.84834029734207
61.6260918072979,1.4804572609971216,female,28.117252299476405
73.5963243611992,1.6933349869497454,female,25.666719325063376
91.2139875543051,1.3158730988233747,female,52.678503022922605
52.514485355688365,1.8873711854990336,female,14.742273803835305
102.43749423713443,1.8593171319331212,female,29.631388635657903
74.47843724953336,1.600762739463577,female,29.065421265570613
21.976337440903734,1.7476099116823252,female,7.195588459641407
62.44602300794802,1.8389904848472618,female,18.464851549085
33.289020434225165,1.8084238758378766,female,10.1788930525804
66.49575866713714,1.4345071278653605,female,32.31383657907931
63.23064540816372,2.0925895111744124,female,14.43974508775003
63.62765768487281,1.8823903312566044,female,17.95670173606925
81.81543890530004,1.2012552970252957,female,56.69759443816753
79.64016275454384,1.6808718673902538,female,28.187912966666016
98.45315187823763,1.2837616460467007,female,59.73939654353129
84.82624261576288,1.280498470358805,female,51.733528703014784
112.34228342856959,1.5123819400976197,female,49.11569362347232
101.03279911569618,2.01716026157156,female,24.83027774651406
45.032967503607836,1.5222505026348487,female,19.433826181501168
63.678151206141166,1.3345272132558188,female,35.754900799349976
95.43869328103887,1.3497160531525692,female,52.388945614373455
74.70527524971482,1.7152324671033292,female,25.39249015854537
88.42274595000475,1.1782877024231158,female,63.68854211095916
75.17259889992174,1.4879145570416084,female,33.95498787194075
83.81948095001461,1.3350979585592542,female,47.02390631177191
82.83899586469258,2.1118579640254738,female,18.57399885429209
50.05955718182217,1.943154547541062,female,13.257826063772606
64.35918009267755,1.618218207405441,female,24.577422542968044
75.84683599146686,1.8193694134515228,female,22.91372465737503
45.59965650381896,1.31082327882192,male,31.84597328680905
46.32902644017133,1.2622258548460497,female,29.07897073524236
58.45272611034126,1.2642851598217888,female,36.56913519915171
44.32658754227319,1.9879093414151252,female,11.21685613216359
51.565174764583176,1.4906897024858852,female,23.20502235602784
54.049198545287005,1.6613106074475472,female,19.583376901566496
59.985917595248104,1.5759742724660275,female,24.151886535949718
63.91046979008722,1.4564762135771059,female,30.127647215263597
76.99335886139974,2.3764705973685443,female,13.632903967695476
64.88755282735134,1.822221172245257,female,19.541559473463
100.77044054757742,1.4701148840439289,male,55.951515473054194
79.83420227054924,1.7150814874474063,male,32.56872204175206
89.54326098788573,1.7993568291677187,female,27.656569748014288
81.74977491387413,2.208861396727529,female,16.755200724539122
40.69407823856257,1.4659795427669347,female,18.935439767897627
60.50868027153302,1.5412386426825972,female,25.472871348535453
64.17602230402507,1.267242675879714,female,39.96255213336406
76.32150522873647,1.6270606731466162,female,28.829654041011356
79.48064273405659,1.9405688558651026,female,21.10586987366922
89.00136351318451,1.2667071485516215,female,55.468218445796126
59.63495116875339,1.2552318788387358,female,37.84887255036631
70.26450622241887,1.500078839083476,female,31.22538697140635
47.52780236822363,1.3926731714611922,female,24.50469574926696
99.40551653353978,1.6751666940059264,female,35.423741251719214
52.07922638960696,1.468885019848377,female,24.13731292496159
49.90449909294122,1.978724956460429,female,12.745851028209117
113.50617888089047,1.8632995827596017,male,39.23154180224978
85.99890888023224,1.6054271077627178,female,33.3665848252752
56.92322083185398,1.4898973917476632,female,25.64346724531078
89.40203871538456,1.4872788053879866,female,40.41686692981536
72.79547106758872,1.3887167602724708,male,45.29583320711694
67.68531816638222,1.4573861886093258,female,31.86729317078529
38.56648818503338,2.100907971953526,female,8.737678004987318
55.41937055460005,1.9132183300250611,female,15.140231741191947
76.08394121089187,1.7313867354723123,male,30.456926512758947
47.01128859672043,1.8822348720789628,male,15.923398757722698
83.1041999361955,1.802572019509644,female,25.576300267258507
75.81447105223037,1.1475068282000462,female,57.57600830988458
88.97291421471834,1.9162239010656537,female,24.230663700008336
67.25649582840732,1.0802366025225134,female,57.63634849633477
74.33594258122955,2.223694815006727,male,18.03971748348707
56.88675413445894,2.0052345518206316,male,16.977042735374365
64.00304870496127,1.3324647730508725,female,36.04866525766897
90.69915715045322,1.7726456014774699,female,28.864192782786755
95.18541959953987,1.4508000312443627,female,45.22257796736651
76.37264194481395,1.4493717728335727,female,36.35617760647786
40.0816738751371,1.5144150084791062,female,17.476563529970303
68.50343059901577,1.5741163669656166,female,27.646404124684285
71.95829621010532,1.5727477285139662,female,29.091273850244665
84.743897290692,1.1895512394359438,female,59.88831929805658
61.045302222991765,1.1013221304217777,female,50.3296042837391
29.05577324826971,2.12096291488915,female,6.459014920190027
75.66430640458272,1.4894120546379175,female,34.108398342574034
26.558690337761092,1.6361730369044762,female,9.920834215715571
58.59512406037935,1.7161645220588726,female,19.894986043463206
71.01330755102539,1.6541575887844562,female,25.952905038793897
82.0924049161933,1.6791531573733687,male,34.938447560838355
32.205327918116936,1.7880763995592404,female,10.072924607915954
67.32649752295124,1.8597930522998969,female,19.46510631654947
85.18681033865967,1.878701254799275,female,24.13553368164516
85.19512279097458,1.4460688493668654,female,40.74147907684281
56.39350008444233,1.7354878696436422,female,18.723450424880696
81.75757115547566,2.2753941254796204,female,15.79118479987748
42.26701522669045,1.5859777964890112,female,16.803794989697366
89.08869956402447,1.6081365173889133,female,34.44901364976534
98.96014334831747,1.6438091174750555,female,36.62330601176851
77.31546791908208,1.9735468172519546,male,23.820603923247603
73.47380118243566,1.1046497479623252,female,60.212036071363066
108.56625500046394,1.786089025803025,female,34.03209249732399
111.3352627493667,1.8110526984978745,female,33.94458965164245
89.50137047433498,1.791536894993607,female,27.885483079523294
78.17370850010937,1.6450451892542453,female,28.887173514134012
74.21013189789316,1.4479075224034437,female,35.398230640346604
77.20813441714006,1.649680469549436,female,28.3702650359316
109.36857360954599,2.041041997165117,female,26.25358803204102
94.84637038308057,1.6873396079232763,female,33.31315102009064
78.05352827458618,1.6485023622672694,female,28.721914942684837
83.36148987515537,1.4990538581838542,female,37.09633415377952
98.16538810375464,1.6191631146151588,female,37.44356440626262
62.34281754195278,1.4751433405416485,female,28.649561553335097
71.5706741811655,1.4556762952804982,female,33.775787877648206
58.11942247163316,1.6404188443193208,female,21.59791317194667
69.50275448138217,1.5545417684072114,female,28.760552563808236
91.4486229295629,1.6029634569600684,male,42.70819063185724
81.49090032497692,1.3250593236135402,female,46.41287501947455
66.15718969727412,1.3864979546482898,female,34.41427160838035
55.36207713044227,1.8486260663682554,female,16.199970776680544
45.35293454378386,1.8770110251460004,male,15.447314620343477
85.16890874122214,1.1955832312934769,female,59.582874632208075
78.87593033847487,1.977208820036094,female,20.176201963645752
48.46970317806722,1.7337953088575342,female,16.124071417516085
79.29755236091063,1.600562321122201,female,30.953845066518397
84.1978155591537,1.650977490479087,female,30.890043510295815
76.054989411809,1.3602580613847337,female,41.10409526468157
69.93530457853166,1.6287166411689091,female,26.363641852685703
73.62281599466186,1.7758811963903807,female,23.344501645201948
90.68220248731797,1.4106906103989507,female,45.56784688924701
75.6481868546705,2.088207292190252,female,17.348075646094884
89.5690422771298,2.1137815589635887,female,20.04646135393148
93.26859390940776,1.7098642584619754,female,31.90157764245775
37.757874166990554,1.330061644941888,female,21.343419236289787
79.91074770595657,1.313884398370217,female,46.29039460265164
94.87932290491386,1.8019941011837184,female,29.218966249011842
60.99201953581371,1.5608756558156436,female,25.034354589168622
77.3877247966148,2.0188428199020727,female,18.98746836829457
37.51391133725373,1.7266699795073324,female,12.582695043339585
65.70754666606943,1.7151437732068353,female,22.33645204277266
50.56184209508508,0.8895354445146884,female,63.89934001908835
108.94351657606455,1.3037134128421308,female,64.09691427447062
108.82892853160786,1.4918529519350454,female,48.89813750087647
67.49965716307284,1.3681522816944174,female,36.060578441603056
83.59313797428845,1.8655881154994702,female,24.018124706639387
56.25916951373845,1.7133789507028843,female,19.164013254194508
95.85642876441831,1.295641705828563,male,68.52241368446045
75.77123559598084,1.8762986020744745,female,21.52288371771041
75.20655066897498,1.2109015639771705,female,51.29062486992612
66.8295035159945,1.659643300778668,male,29.1152126416571
89.15315329661442,1.6344040158033195,female,33.374738157839765
66.71939483230597,1.9682569317706544,female,17.222195672930635
100.85910894244279,1.6673210901271414,male,43.53693843803768
47.440014090334635,1.6290348331385376,female,17.876564811245636
70.91031006678335,1.7492088848037288,female,23.175335779033297
77.85536740428148,1.6335406420077745,female,29.176196171759216
67.54134798367645,1.5547471425063364,female,27.94153040105391
79.27528229994938,1.5922505958159907,female,31.26906945103809
63.038059967594364,1.506120373099135,female,27.789675311747693
68.33049476826584,1.4392431242587338,female,32.98725963065232
45.380642247012936,1.4862468028141715,female,20.544178090548986
83.20867577385177,1.5447937642660237,female,34.86804478149127
53.35313423958951,1.415723162604008,female,26.61970645341418
75.12406815511413,1.6309525878480058,female,28.242063531158852
55.62190959022787,1.7222068800804493,female,18.753194375456605
86.95384568374723,1.9892392359619906,female,21.97428539817512
64.33272112236062,1.4162242370153286,female,32.075089458610826
37.940081143590035,0.9516626303843474,female,41.89210887834225
68.58568535803326,1.5684544974365122,female,27.87979878636256
50.90316214279612,1.6348873552277685,male,22.853374588916243
57.00459370090579,1.1567319048034108,female,42.60341629321387
73.370078144115,1.674160163420673,female,26.177307477951167
84.71619406257733,0.8512800752288707,female,116.90188105794458
92.90155839793066,2.2287666883324437,female,18.702246771291428
53.79872660714962,1.8759781956923511,female,15.286794366073773
30.35216164859267,1.9427674807373667,female,8.041702005173136
59.92302729328863,1.2480822150422317,female,38.46868638693427
90.70864495729823,1.6723511861961,female,32.43349230280606
66.4667003825052,1.2310939369886875,female,43.85526449658107
58.33219734171658,1.6635586622292744,male,25.29375702374224
66.40233642316078,1.9179674510456852,female,18.050984583256803
55.608190029334125,1.6526556030110064,female,20.359824913310167
83.38502491561323,1.949246707641488,female,21.945952969156185
86.49682849253017,1.577463443805701,female,34.76014476563197
51.36241343751156,1.305928267739545,female,30.11665799740482
70.95735393647115,1.3245857871195073,female,40.44242887935341
65.26245685037067,1.4350238186143187,female,31.691675464186527
49.0894178166381,1.6300605439984157,female,18.47482829937061
81.5890023990386,1.1097209635520304,female,66.25277026391082
47.18257390545823,1.409352000415748,female,23.754324030303085
58.70537617353728,2.044486441632664,female,14.044601001628859
77.63564891426665,2.0723937971911015,female,18.076594666439135
47.516656867582725,1.5488915354269661,female,19.806323336388427
76.47067477755,1.9045451197213825,female,21.082028244246974
34.598278116155704,1.8515347282191488,female,10.092314154942688
45.22081605395173,1.8847592045773323,female,12.729948581124058
82.64262750545986,2.1010669051430404,female,18.720797793865053
63.52383075046379,1.5600961477692732,female,26.099605983825892
100.42313142942942,1.6244864471220108,female,38.054110480105095
55.298786220017284,1.7058839572258326,female,19.002757620142738
59.934600141654194,2.0787559236287105,female,13.869813221084048
36.786763228658785,1.6600009284774446,female,13.349804789255233
60.56534986425787,1.9375083004922675,female,16.133815523104413
48.000304936318486,1.9371350765762583,female,12.791579845110624
109.97559254405684,1.829119230496098,female,32.87095177011777
71.92059901790115,1.8391712533186104,female,21.26223704082327
79.296199095502,1.6907430209369405,female,27.739406441344595
64.33156614152483,1.47059120585707,female,29.746796007686672
67.6271957592393,1.269780635874616,female,41.94343355931917
53.78803980612543,1.5729620873899415,female,21.73948278897323
70.92432502019086,1.3029951185922277,female,41.77434353833364
19.357436985117964,1.727969052981731,female,6.482998687999646
74.75916231166025,1.486025507040896,female,33.854148776059205
51.68819311974654,1.6845565038956358,female,18.21462292786316
76.70200610177362,1.1466963830987797,male,69.998878762965
54.19096790255392,1.333884657786611,female,30.457226517072396
78.55088252294527,1.7809295669316623,female,24.76609762313808
64.56204181768072,1.8651749714736692,female,18.558296055151846
70.04428666933943,1.4003681566972792,female,35.718092976393336
58.26985445887175,1.4837214823677827,female,26.46909933753576
59.20240312984442,1.4805814987258976,male,32.40827725362319
54.84348679567077,1.8235132118495834,female,16.493287513848145
19.603470225682557,1.4031647064325166,female,9.95670528961841
20.86477568804292,1.445022386396949,female,9.992279410284857
85.94240453783789,1.7356693105483252,female,28.528144881036948
84.41114830615383,1.6779958482719033,female,29.97906228465002
84.11991083432257,1.1588055247126354,female,62.64374160742737
55.59692536664582,2.0073501824024444,female,13.797629890381478
58.76341430105586,1.9216313797096625,female,15.913542099270476
105.59767834384813,1.8917402545193187,female,29.507428217450073
38.891061398809015,1.3646115826818173,female,20.88486582506614
86.81522233192324,1.5350661757781043,female,36.841870954339676
65.06085932972341,1.2837072820879123,female,39.48096739051122
111.71330335591904,1.8941190365282092,female,31.137974328762706
51.57807229543576,1.2850033911664887,female,31.236082340876905
100.35554077209162,1.5712627079933281,female,40.6484274757148
71.32496604069212,1.3394701253047359,female,39.75351270815744
86.82519892516723,1.5864250657195025,female,34.49901223573493
72.69120989940903,1.762437487339605,female,23.402079693544785
57.65260863582824,0.9914692713540846,female,58.64897758055666
72.51604003999581,2.451010779279731,female,12.071010775879763
56.17505339014077,1.4951073310534149,female,25.130362420334905
82.63469816758405,1.7057791597430614,female,28.399901700641845
83.35029286575363,1.1271836307381993,female,65.60210632160681
60.80235733242515,1.1544709865736862,female,45.619904460111435
80.97010906713797,1.643538611838473,female,29.975394076958807
83.93560342081062,1.1957599610483045,male,70.4432603357267
68.77161636330274,1.060302486615058,female,61.171576335103396
60.52821923664307,1.873960250645304,female,17.236026284136116
65.97515467960093,1.933268861458716,female,17.652080738384882
79.62912016295036,1.7294611220000187,female,26.62259037314665
93.70066361396991,1.7247565234333424,female,31.49829704083351
70.45095689082262,1.7485868222887775,female,23.04159262140517
84.83532468263928,1.1956804537469243,female,59.33985310242419
84.83117018691624,1.8783654717416687,male,28.852039033415537
96.81751023325711,1.4244952035434917,female,47.712473043551974
61.185893191849885,1.0612767569690607,male,65.1891389351029
75.81814372341218,2.284037192919813,female,14.53338585502015
83.68332195738324,1.3709615649263966,female,44.5234032282223
53.69272690348676,2.149188338715396,female,11.62429198331136
46.3291494348508,1.0984462556336574,female,38.396947628337905
82.85826642446204,1.9551332143285978,female,21.676199292438948
57.37074518201321,1.731574366675307,female,19.13410684253716
61.47160924377012,1.1672102764140295,female,45.12075701557724
93.28458228990158,1.5061099426381377,female,41.12411075380546
85.9235142089226,1.2736169581213705,female,52.97053569123963
110.87864460980384,1.507480949470149,female,48.7915082616377
62.123940954483025,1.535476322911589,female,26.349522550104318
63.323041115428346,1.130522484980664,female,49.5454018200459
104.6593124415918,2.098469457450419,female,23.766901822024906
80.38191491190398,1.6576994340359033,female,29.251407609128993
53.886264183326226,1.5897878021465226,female,21.320616330203272
77.50760720434249,1.201231145200459,female,53.71445353358316
42.29102916579831,1.9954279346819346,female,10.62126289301771
81.5498341139914,1.6205381427854313,female,31.053071759155884
26.920781752298744,1.6788077541816318,female,9.551811300548326
64.24328668937693,1.7256752318060897,female,21.572954113504007
126.6794035286314,1.280312558913793,female,77.28122518502309
33.01874401799827,1.7383947945177018,female,10.926063586181911
56.42314759175031,1.4839688306220589,female,25.621688780765783
72.94697692059054,1.6618080691542967,female,26.414693250912983
62.68877409705203,1.0250824213167475,male,71.59017945372935
103.09723560213656,1.8394286604080892,female,30.470608168196296
117.67784689472862,1.3934078148023121,male,72.73098610928106
74.52087267070854,1.7914771341107683,female,23.21963525561462
58.81922764955108,1.8480104490062605,female,17.22306626708748
67.38053986661824,1.145051123937321,female,51.3907234600211
39.98017755018557,1.3946269201440382,female,20.55552769868541
81.12917104555868,1.6768136179483417,female,28.85409476301818
65.53316607652397,1.5488232235184205,female,27.31853755025397
89.5239802608217,1.6261025648769274,female,33.85661329680159
57.70868773535753,1.6440584794824578,female,21.350432446860506
70.99562042491455,1.605793305368311,female,27.532919996906692
91.03390819096626,1.7718876405892336,female,28.995515228697197
68.72322566551206,1.31418330831345,female,39.79162197836442
73.22888195616036,2.233569461928406,female,14.678560835733698
58.4168183702959,1.6699681846045082,female,20.94698420427155
80.40889010567273,1.8247972182781456,female,24.147648586716308
55.84909429778509,1.9354814731295844,female,14.908642390153403
73.90249148901229,1.6925227759129715,female,25.79823751853475
71.09109993510137,1.5845185358365472,female,28.315262087034803
81.35427262976236,1.1974434123026425,female,56.73752254891643
62.188725881980325,2.009506243698852,female,15.400433269601189
80.94499076429676,1.1613297374145848,female,60.01763584014767
37.69692802449268,1.218893798459645,male,30.447768684789644
55.358347253558584,1.763462035033429,female,17.80126588313494
68.83829280825552,1.7785955576492576,female,21.760841453851118
95.5548133401025,1.512533728726396,female,41.76788000424491
22.42533987534435,2.7701766287021288,female,2.9222953838706265
70.69344281703673,1.3051184808347158,female,41.502977385596814
96.2687475161697,1.7432719084375723,female,31.67780330256645
79.21255399301289,1.2388400907144126,female,51.61352414632966
68.86820582902921,2.317940314522164,female,12.817823020468897
54.9903142405154,1.793516321101814,female,17.095253105941776
70.76975332950856,1.841999021566429,female,20.857818860596353
59.67429352436244,2.0878505607602142,female,13.68952770657192
33.623981563836246,1.300715393442205,female,19.873967666639235
88.25015385975544,1.3258954758997001,female,50.199211288766996
62.92746175765447,1.4542922798811413,female,29.75341480983982
78.23098088700817,1.4903573088695543,female,35.22069910328981
58.085170579534264,1.2808499941400628,female,35.40533661998119
88.89276337845554,1.304193148444698,female,52.26158518896872
89.51229109051758,1.8095697152557688,female,27.335815493079174
78.47105765285377,1.2887965176727005,female,47.243362255883824
59.33870288033646,1.4631278971538282,female,27.7187388363619
67.41253063172344,2.0475868310072634,female,16.078886707585564
66.20371304912013,1.8905023677805217,female,18.523706720823927
53.13263569798262,2.0051956859137525,female,13.214411809932038
74.22795926245962,1.1751993871051367,male,64.49494165368381
62.77551526269507,1.4708628491327866,male,34.81987234918676
90.9334749525219,1.6760185960916345,female,32.37174581687903
73.54750576561084,1.6705354157996146,female,26.354608827677577
